pdf_file,Seq,Content
C:\Program360\Sample\MySample01.pdf,1,Sample File
C:\Program360\Sample\MySample01.pdf,2,Test
C:\Program360\Sample\MySample01.pdf,3,Aadfds
C:\Program360\Sample\MySample01.pdf,4,
C:\Program360\Sample\MySample01.pdf,5,
C:\Program360\Sample\MySample01.pdf,6,Name |Eric |Sri |Jet |Sen
C:\Program360\Sample\MySample01.pdf,7,v|e|r|t|i|c|a
C:\Program360\Sample\MySample01.pdf,8,l
C:\Program360\Sample\MySample01.pdf,9,text vertical
C:\Program360\Sample\MySample01.pdf,10,Age |39 |34 |48 |45
C:\Program360\Sample\MySample01.pdf,11,Salary |7777 |8888 |9999 |5555
C:\Program360\Sample\MySample01.pdf,12,
